traffic_volume,temp,rain_1h,snow_1h,clouds_all
1806,269.95,0.0,0.0,1
1211,269.75,0.0,0.0,1
794,269.65,0.0,0.0,40
500,269.48,0.0,0.0,1
513,269.22,0.0,0.0,1
821,268.9,0.0,0.0,1
950,268.34,0.0,0.0,40
1284,267.9,0.0,0.0,1
2279,267.71,0.0,0.0,20
3592,269.02,0.0,0.0,1
3500,270.34,0.0,0.0,1
3364,271.27,0.0,0.0,75
3252,271.46,0.0,0.0,90
3431,271.9,0.0,0.0,75
3585,271.71,0.0,0.0,75
3594,271.59,0.0,0.0,40
3133,271.09,0.0,0.0,1
2955,270.53,0.0,0.0,75
2412,270.47,0.0,0.0,90
1981,270.55,0.0,0.0,40
1777,270.49,0.0,0.0,90
1438,270.48,0.0,0.0,90
1043,270.55,0.0,0.0,90
798,270.62,0.0,0.0,90
522,270.55,0.0,0.0,90
457,270.49,0.0,0.0,90
363,270.42,0.0,0.0,90
508,270.49,0.0,0.0,90
849,270.49,0.0,0.0,90
1562,270.62,0.0,0.0,90
1792,270.82,0.0,0.0,90
2014,270.88,0.0,0.0,90
2401,271.55,0.0,0.0,90
2832,271.65,0.0,0.0,90
3470,272.22,0.0,0.0,90
3732,272.27,0.0,0.0,90
3750,272.42,0.0,0.0,90
3933,272.59,0.0,0.0,90
3762,272.71,0.0,0.0,90
3563,272.71,0.0,0.0,90
3261,273.02,0.0,0.0,90
2875,273.02,0.0,0.0,90
2244,272.95,0.0,0.0,90
1785,272.95,0.0,0.0,90
1660,272.95,0.0,0.0,90
1226,272.95,0.0,0.0,90
827,273.02,0.0,0.0,90
716,272.95,0.0,0.0,90
485,272.95,0.0,0.0,90
400,273.02,0.0,0.0,90
483,273.02,0.0,0.0,90
944,272.59,0.0,0.0,90
2755,272.48,0.0,0.0,90
5107,272.08,0.0,0.0,90
6065,270.82,0.0,0.0,90
5338,268.72,0.0,0.0,90
4555,265.28,0.0,0.0,90
3979,263.59,0.0,0.0,75
4008,262.78,0.0,0.0,1
4317,262.09,0.0,0.0,1
4377,262.09,0.0,0.0,40
4863,261.59,0.0,0.0,40
5290,261.21,0.0,0.0,1
6114,261.03,0.0,0.0,1
5854,260.42,0.0,0.0,1
4011,259.65,0.0,0.0,5
2697,259.09,0.0,0.0,5
2169,258.34,0.0,0.0,5
2011,257.84,0.0,0.0,5
1475,257.22,0.0,0.0,1
915,256.9,0.0,0.0,1
528,256.34,0.0,0.0,1
324,255.9,0.0,0.0,1
249,255.42,0.0,0.0,1
308,254.84,0.0,0.0,1
836,254.42,0.0,0.0,1
2603,253.72,0.0,0.0,1
5511,253.22,0.0,0.0,1
5405,252.72,0.0,0.0,1
5626,252.08,0.0,0.0,20
4667,252.02,0.0,0.0,20
4275,252.15,0.0,0.0,1
4358,253.03,0.0,0.0,1
4548,254.28,0.0,0.0,1
4423,255.42,0.0,0.0,1
4846,256.15,0.0,0.0,5
5185,256.78,0.0,0.0,5
6242,256.84,0.0,0.0,1
6034,256.53,0.0,0.0,1
4238,255.72,0.0,0.0,75
2861,255.28,0.0,0.0,40
2370,255.15,0.0,0.0,5
2421,254.47,0.0,0.0,5
1569,254.42,0.0,0.0,40
1037,254.89,0.0,0.0,90
543,254.82,0.0,0.0,90
438,254.69,0.0,0.0,90
366,254.49,0.0,0.0,90
386,253.95,0.0,0.0,90
782,253.21,0.0,0.0,90
2555,252.56,0.0,0.0,1
5242,251.89,0.0,0.0,1
5807,251.29,0.0,0.0,1
6091,250.84,0.0,0.0,1
4885,250.8,0.0,0.0,5
4383,251.84,0.0,0.0,5
4288,252.95,0.0,0.0,1
4441,254.55,0.0,0.0,1
4584,255.48,0.0,0.0,40
5088,255.78,0.0,0.0,75
5475,256.15,0.0,0.0,75
6220,255.84,0.0,0.0,40
5892,255.28,0.0,0.0,40
4344,254.59,0.0,0.0,40
3030,254.03,0.0,0.0,40
2569,253.46,0.0,0.0,75
2314,252.91,0.0,0.0,1
1699,251.96,0.0,0.0,75
1106,251.46,0.0,0.0,1
731,250.9,0.0,0.0,1
419,250.4,0.0,0.0,1
357,250.03,0.0,0.0,1
389,249.95,0.0,0.0,1
841,250.15,0.0,0.0,75
2570,249.46,0.0,0.0,75
5307,249.35,0.0,0.0,1
6058,248.84,0.0,0.0,20
5416,249.15,0.0,0.0,1
4842,249.73,0.0,0.0,1
4484,251.08,0.0,0.0,5
4583,252.83,0.0,0.0,5
4988,254.41,0.0,0.0,1
4980,256.02,0.0,0.0,1
5174,257.02,0.0,0.0,1
5553,257.68,0.0,0.0,40
6350,258.02,0.0,0.0,40
5790,257.49,0.0,0.0,40
4616,256.53,0.0,0.0,20
3368,256.09,0.0,0.0,1
2720,255.22,0.0,0.0,1
2542,255.16,0.0,0.0,1
2255,254.89,0.0,0.0,1
1488,254.69,0.0,0.0,1
1089,254.55,0.0,0.0,1
685,254.49,0.0,0.0,1
663,254.35,0.0,0.0,1
565,254.09,0.0,0.0,1
664,254.22,0.0,0.0,1
886,254.03,0.0,0.0,1
1385,254.34,0.0,0.0,1
1879,254.47,0.0,0.0,1
2653,254.53,0.0,0.0,40
3178,254.95,0.0,0.0,5
3521,255.84,0.0,0.0,5
4085,257.02,0.0,0.0,1
4444,258.09,0.0,0.0,1
4548,259.42,0.0,0.0,1
4800,259.69,0.0,0.0,1
5092,260.15,0.0,0.0,5
4885,259.97,0.0,0.0,1
4572,259.22,0.0,0.0,5
3780,258.03,0.0,0.0,5
3025,257.22,0.0,0.0,5
2751,256.65,0.0,0.0,5
2683,256.09,0.0,0.0,5
2404,255.59,0.0,0.0,1
1757,254.9,0.0,0.0,1
1089,254.03,0.0,0.0,1
685,253.4,0.0,0.0,1
663,253.49,0.0,0.0,1
565,252.72,0.0,0.0,1
664,252.29,0.0,0.0,1
781,252.22,0.0,0.0,1
1123,251.95,0.0,0.0,1
1461,252.02,0.0,0.0,1
1807,252.22,0.0,0.0,1
2495,253.22,0.0,0.0,1
3081,255.22,0.0,0.0,1
3317,257.08,0.0,0.0,1
3597,259.57,0.0,0.0,40
3989,260.88,0.0,0.0,1
4316,262.01,0.0,0.0,75
4281,262.28,0.0,0.0,90
4103,262.65,0.0,0.0,90
4198,262.46,0.0,0.0,90
3331,262.84,0.0,0.0,90
2893,263.28,0.0,0.0,90
2388,263.48,0.0,0.0,90
2026,264.36,0.0,0.0,90
1527,264.58,0.0,0.0,90
1223,264.51,0.0,0.0,40
768,264.51,0.0,0.0,90
562,264.65,0.0,0.0,90
473,264.75,0.0,0.0,90
602,265.02,0.0,0.0,90
949,265.22,0.0,0.0,90
2760,265.42,0.0,0.0,90
5614,265.29,0.0,0.0,90
6272,265.02,0.0,0.0,90
5885,264.53,0.0,0.0,90
4753,264.82,0.0,0.0,90
4052,265.35,0.0,0.0,90
4261,265.95,0.0,0.0,40
4378,266.55,0.0,0.0,90
4285,267.08,0.0,0.0,90
4068,267.22,0.0,0.0,90
4404,267.22,0.0,0.0,90
4484,267.55,0.0,0.0,90
4569,267.58,0.0,0.0,90
3512,267.72,0.0,0.0,90
2508,268.68,0.0,0.0,90
2022,269.02,0.0,0.0,90
1884,269.22,0.0,0.0,90
1357,269.29,0.0,0.0,1
880,269.62,0.0,0.0,40
519,269.68,0.0,0.0,40
317,269.65,0.0,0.0,1
255,269.62,0.0,0.0,1
340,270.03,0.0,0.0,1
817,269.68,0.0,0.0,1
2613,270.22,0.0,0.0,75
4339,270.59,0.0,0.0,90
3921,270.28,0.0,0.0,90
3404,270.22,0.0,0.0,90
4151,270.34,0.0,0.0,90
3237,270.21,0.0,0.0,90
3215,270.3,0.0,0.0,90
3312,269.69,0.0,0.0,90
3595,268.1,0.0,0.0,90
3945,265.78,0.0,0.0,90
4454,264.03,0.0,0.0,75
5013,262.9,0.0,0.0,90
4734,261.84,0.0,0.0,5
3675,260.9,0.0,0.0,1
2597,260.09,0.0,0.0,1
2219,259.34,0.0,0.0,1
2003,258.78,0.0,0.0,1
1347,258.15,0.0,0.0,1
919,257.47,0.0,0.0,1
504,256.95,0.0,0.0,75
292,257.42,0.0,0.0,90
264,257.82,0.0,0.0,90
331,257.68,0.0,0.0,90
847,257.88,0.0,0.0,90
2643,258.09,0.0,0.0,90
4342,258.15,0.0,0.0,90
4101,258.01,0.0,0.0,90
4082,258.42,0.0,0.0,90
3703,258.46,0.0,0.0,90
3471,258.59,0.0,0.0,90
3563,258.68,0.0,0.0,90
3986,259.28,0.0,0.0,90
3986,259.62,0.0,0.0,40
4565,260.48,0.0,0.0,75
4452,260.42,0.0,0.0,1
5725,260.15,0.0,0.0,1
5563,259.35,0.0,0.0,1
4154,258.96,0.0,0.0,1
3011,258.42,0.0,0.0,1
2569,258.46,0.0,0.0,90
2294,258.29,0.0,0.0,75
1610,258.47,0.0,0.0,90
1052,258.59,0.0,0.0,90
613,258.59,0.0,0.0,90
357,258.47,0.0,0.0,90
279,258.09,0.0,0.0,90
339,258.15,0.0,0.0,75
843,257.34,0.0,0.0,90
2713,257.02,0.0,0.0,90
5627,257.15,0.0,0.0,90
5839,257.95,0.0,0.0,90
5541,257.95,0.0,0.0,90
4915,257.76,0.0,0.0,1
4387,258.33,0.0,0.0,5
4654,259.96,0.0,0.0,5
4962,261.52,0.0,0.0,5
4796,262.36,0.0,0.0,1
4938,262.96,0.0,0.0,5
5287,262.35,0.0,0.0,5
6026,261.49,0.0,0.0,1
5992,259.72,0.0,0.0,1
4434,257.6,0.0,0.0,20
3185,256.59,0.0,0.0,5
2867,255.84,0.0,0.0,1
3959,254.34,0.0,0.0,5
2768,253.4,0.0,0.0,90
1249,252.66,0.0,0.0,1
635,251.73,0.0,0.0,1
365,251.16,0.0,0.0,1
280,250.42,0.0,0.0,1
345,249.35,0.0,0.0,1
758,248.66,0.0,0.0,1
2525,248.85,0.0,0.0,1
5554,249.5,0.0,0.0,1
6414,250.1,0.0,0.0,40
5549,250.56,0.0,0.0,75
4694,250.54,0.0,0.0,1
4272,252.23,0.0,0.0,75
4909,253.5,0.0,0.0,90
5215,254.35,0.0,0.0,90
5135,255.42,0.0,0.0,90
5270,256.48,0.0,0.0,90
5762,257.43,0.0,0.0,90
6272,258.08,0.0,0.0,75
5686,258.68,0.0,0.0,90
4803,258.69,0.0,0.0,75
3496,259.08,0.0,0.0,75
2807,259.08,0.0,0.0,90
2874,259.59,0.0,0.0,90
2167,259.77,0.0,0.0,90
1568,260.08,0.0,0.0,90
1341,260.35,0.0,0.0,90
720,259.95,0.0,0.0,1
770,259.22,0.0,0.0,1
586,258.75,0.0,0.0,1
561,258.08,0.0,0.0,1
728,257.52,0.0,0.0,75
1166,258.15,0.0,0.0,1
1540,258.15,0.0,0.0,1
2162,257.23,0.0,0.0,1
2867,257.28,0.0,0.0,1
3530,259.82,0.0,0.0,1
3996,262.15,0.0,0.0,1
4467,264.48,0.0,0.0,1
4808,265.9,0.0,0.0,5
4772,266.88,0.0,0.0,1
4708,267.42,0.0,0.0,1
4727,267.59,0.0,0.0,5
4503,266.78,0.0,0.0,1
4327,264.41,0.0,0.0,5
3294,262.53,0.0,0.0,5
2945,260.85,0.0,0.0,5
2953,259.76,0.0,0.0,5
2651,259.34,0.0,0.0,1
1928,258.22,0.0,0.0,1
1341,257.22,0.0,0.0,1
962,256.16,0.0,0.0,1
740,255.53,0.0,0.0,1
545,254.96,0.0,0.0,1
510,254.59,0.0,0.0,1
604,254.4,0.0,0.0,20
922,254.59,0.0,0.0,1
1158,254.91,0.0,0.0,1
1502,254.89,0.0,0.0,1
2258,255.72,0.0,0.0,1
3027,258.22,0.0,0.0,1
3617,262.34,0.0,0.0,1
4093,266.2,0.0,0.0,5
4276,269.08,0.0,0.0,40
4529,271.14,0.0,0.0,5
4490,272.21,0.0,0.0,5
3746,272.08,0.0,0.0,40
4025,271.56,0.0,0.0,1
3187,269.89,0.0,0.0,40
2919,268.16,0.0,0.0,5
2523,267.53,0.0,0.0,1
2032,267.15,0.0,0.0,1
1638,266.82,0.0,0.0,1
1149,266.48,0.0,0.0,1
698,266.08,0.0,0.0,1
415,265.68,0.0,0.0,1
369,265.62,0.0,0.0,1
601,264.95,0.0,0.0,1
860,263.95,0.0,0.0,1
2465,263.88,0.0,0.0,1
4524,262.88,0.0,0.0,1
4284,261.82,0.0,0.0,1
3716,261.23,0.0,0.0,1
3760,261.36,0.0,0.0,1
3914,263.68,0.0,0.0,75
4145,266.48,0.0,0.0,75
4452,268.77,0.0,0.0,90
4497,270.71,0.0,0.0,90
4646,271.81,0.0,0.0,90
4852,272.55,0.0,0.0,90
4846,272.62,0.0,0.0,90
4451,272.35,0.0,0.0,90
3391,272.08,0.0,0.0,90
2332,271.95,0.0,0.0,90
1837,271.82,0.0,0.0,90
1580,271.95,0.0,0.0,90
1156,271.95,0.0,0.0,90
783,272.02,0.0,0.0,90
398,272.09,0.0,0.0,90
307,272.08,0.0,0.0,90
216,272.35,0.0,0.0,75
299,272.28,0.0,0.0,90
821,272.35,0.0,0.0,90
2597,272.51,0.0,0.0,90
4993,272.51,0.0,0.0,90
5304,272.15,0.0,0.0,90
4927,271.89,0.0,0.0,90
4778,272.15,0.0,0.0,90
4263,272.09,0.0,0.0,90
4327,272.48,0.0,0.0,75
4416,273.15,0.0,0.0,90
4521,273.71,0.0,0.0,90
5016,274.48,0.0,0.0,90
5675,274.72,0.0,0.0,90
6184,274.42,0.0,0.0,90
5840,273.9,0.0,0.0,90
4278,273.75,0.0,0.0,90
2982,273.42,0.0,0.0,90
2491,273.02,0.0,0.0,1
3331,272.49,0.0,0.0,40
2885,271.72,0.0,0.0,40
1033,271.59,0.0,0.0,75
684,271.46,0.0,0.0,90
526,271.62,0.0,0.0,90
394,271.51,0.0,0.0,75
456,270.78,0.0,0.0,1
950,270.53,0.0,0.0,1
2763,270.15,0.0,0.0,1
5422,270.42,0.0,0.0,1
5779,270.65,0.0,0.0,1
5736,271.15,0.0,0.0,20
5410,271.35,0.0,0.0,1
4474,272.22,0.0,0.0,1
4612,274.08,0.0,0.0,1
4891,275.42,0.0,0.0,1
4919,276.28,0.0,0.0,5
5117,276.9,0.0,0.0,5
5515,277.01,0.0,0.0,1
6326,276.94,0.0,0.0,1
6188,276.65,0.0,0.0,5
4599,275.35,0.0,0.0,1
3285,274.65,0.0,0.0,5
2855,273.95,0.0,0.0,1
2347,273.65,0.0,0.0,5
1662,272.82,0.0,0.0,1
968,272.89,0.0,0.0,1
759,272.55,0.0,0.0,1
542,272.62,0.0,0.0,1
433,272.96,0.0,0.0,1
486,272.75,0.0,0.0,1
1025,272.93,0.0,0.0,1
2810,273.28,0.0,0.0,1
5518,273.55,0.0,0.0,1
6175,273.02,0.0,0.0,5
5355,272.79,0.0,0.0,5
5224,273.01,0.0,0.0,1
4535,274.28,0.0,0.0,5
4862,275.5,0.0,0.0,1
5032,276.02,0.0,0.0,1
4878,276.64,0.0,0.0,5
5156,276.89,0.0,0.0,1
5832,276.81,0.0,0.0,75
6617,276.68,0.0,0.0,40
6114,276.21,0.0,0.0,75
4600,276.08,0.0,0.0,75
3430,275.65,0.0,0.0,75
2853,275.58,0.0,0.0,90
3245,275.75,0.0,0.0,90
3310,275.79,0.0,0.0,90
1302,275.42,0.0,0.0,90
640,275.27,0.0,0.0,90
366,275.15,0.0,0.0,90
325,275.15,0.0,0.0,90
363,275.09,0.0,0.0,90
811,275.21,0.0,0.0,90
2609,275.02,0.0,0.0,90
5279,275.02,0.0,0.0,90
5984,275.15,0.0,0.0,90
5728,275.08,0.0,0.0,90
4779,275.08,0.0,0.0,90
4423,275.22,0.0,0.0,90
4803,275.27,0.0,0.0,90
5316,275.34,0.0,0.0,90
5118,275.4,0.0,0.0,90
5184,275.62,0.0,0.0,90
5901,275.79,0.0,0.0,90
6255,275.52,0.0,0.0,90
5804,275.34,0.0,0.0,90
4718,275.09,0.0,0.0,90
3351,275.08,0.0,0.0,90
2721,275.09,0.0,0.0,90
2850,275.08,0.0,0.0,90
2336,275.09,0.0,0.0,90
1727,275.08,0.0,0.0,90
1117,275.02,0.0,0.0,90
657,275.01,0.0,0.0,90
530,275.08,0.0,0.0,90
388,274.71,0.0,0.0,90
408,274.95,0.0,0.0,90
639,274.88,0.0,0.0,90
1110,274.94,0.0,0.0,90
1868,274.94,0.0,0.0,90
2946,274.87,0.0,0.0,90
3631,274.95,0.0,0.0,90
3854,275.15,0.0,0.0,90
4679,275.21,0.0,0.0,90
5264,275.52,0.0,0.0,90
6249,275.87,0.0,0.0,90
5658,275.95,0.0,0.0,90
4501,275.95,0.0,0.0,90
4402,276.02,0.0,0.0,90
4268,275.75,0.0,0.0,90
3932,275.34,0.0,0.0,90
3221,275.09,0.0,0.0,90
2641,274.9,0.0,0.0,90
2624,275.02,0.0,0.0,90
3699,274.88,0.0,0.0,90
3089,274.65,0.0,0.0,90
1117,274.62,0.0,0.0,90
657,274.62,0.0,0.0,90
530,274.68,0.0,0.0,90
388,274.71,0.0,0.0,90
408,274.65,0.0,0.0,90
591,274.65,0.0,0.0,90
935,274.65,0.0,0.0,90
1488,274.65,0.0,0.0,90
2274,274.59,0.0,0.0,90
2774,274.65,0.0,0.0,90
2937,275.02,0.0,0.0,90
3538,275.46,0.0,0.0,90
4174,275.96,0.0,0.0,90
4510,276.28,0.0,0.0,90
4132,276.86,0.0,0.0,90
4329,276.65,0.0,0.0,90
3843,276.71,0.0,0.0,90
3839,276.27,0.0,0.0,90
3481,276.09,0.0,0.0,90
2617,275.95,0.0,0.0,90
2317,275.46,0.0,0.0,90
3169,275.21,0.0,0.0,90
2316,274.96,0.0,0.0,90
947,274.75,0.0,0.0,90
529,274.48,0.0,0.0,90
330,274.28,0.0,0.0,90
260,274.22,0.0,0.0,90
339,274.22,0.0,0.0,90
857,274.22,0.0,0.0,90
2711,274.15,0.0,0.0,90
5570,274.08,0.0,0.0,90
5909,274.08,0.0,0.0,90
5619,274.08,0.0,0.0,90
4616,273.95,0.0,0.0,90
4216,274.29,0.0,0.0,90
4319,274.4,0.0,0.0,90
4490,274.46,0.0,0.0,90
4498,274.46,0.0,0.0,90
4902,274.35,0.0,0.0,90
5451,274.35,0.0,0.0,90
6339,274.15,0.0,0.0,90
5787,274.15,0.0,0.0,90
4109,274.02,0.0,0.0,90
2753,273.95,0.0,0.0,90
2557,273.88,0.0,0.0,90
2241,273.88,0.0,0.0,90
1370,273.75,0.0,0.0,90
977,273.75,0.0,0.0,90
571,273.68,0.0,0.0,90
300,273.62,0.0,0.0,90
241,273.42,0.0,0.0,90
348,273.42,0.0,0.0,90
845,273.15,0.0,0.0,90
2763,273.15,0.0,0.0,90
5614,273.15,0.0,0.0,90
6154,273.09,0.0,0.0,90
5606,273.08,0.0,0.0,90
5033,273.01,0.0,0.0,90
4366,270.307,0.0,0.0,12
4434,274.589,0.0,0.0,0
4679,274.589,0.0,0.0,0
4661,274.589,0.0,0.0,0
4996,275.515,0.0,0.0,32
5563,275.515,0.0,0.0,32
6543,275.515,0.0,0.0,32
5861,272.858,0.0,0.0,68
4356,272.858,0.0,0.0,68
2999,272.858,0.0,0.0,68
2675,271.391,0.0,0.0,92
2443,271.391,0.0,0.0,92
1674,271.391,0.0,0.0,92
936,271.163,0.0,0.0,92
730,271.163,0.0,0.0,92
538,271.163,0.0,0.0,92
469,270.999,0.0,0.0,88
551,270.999,0.0,0.0,88
1049,270.999,0.0,0.0,88
3038,270.764,0.0,0.0,92
5499,270.764,0.0,0.0,92
5595,270.764,0.0,0.0,92
5103,270.675,0.0,0.0,92
4411,270.719,0.0,0.0,88
3846,272.09,0.0,0.0,90
4032,272.15,0.0,0.0,90
4367,271.95,0.0,0.0,90
4304,271.89,0.0,0.0,90
4899,271.9,0.0,0.0,90
5381,271.88,0.0,0.0,90
6513,271.75,0.0,0.0,90
6021,271.75,0.0,0.0,90
4289,271.68,0.0,0.0,90
3004,271.65,0.0,0.0,90
2649,271.75,0.0,0.0,90
2409,271.62,0.0,0.0,90
1783,271.58,0.0,0.0,90
1051,271.58,0.0,0.0,90
548,271.72,0.0,0.0,90
347,271.51,0.0,0.0,90
266,271.65,0.0,0.0,90
370,271.65,0.0,0.0,90
870,271.51,0.0,0.0,90
2720,271.22,0.0,0.0,90
5815,271.02,0.0,0.0,90
6368,270.95,0.0,0.0,90
5830,270.55,0.0,0.0,90
5144,270.35,0.0,0.0,75
4367,270.42,0.0,0.0,90
4710,270.65,0.0,0.0,90
4810,270.82,0.0,0.0,90
4856,271.08,0.0,0.0,90
5354,271.28,0.0,0.0,90
5767,271.35,0.0,0.0,90
6772,271.29,0.0,0.0,90
6458,270.69,0.0,0.0,90
4714,270.02,0.0,0.0,90
3447,269.69,0.0,0.0,90
2969,269.44,0.0,0.0,90
3619,268.82,0.0,0.0,90
3522,268.62,0.0,0.0,90
1281,268.35,0.0,0.0,90
664,268.08,0.0,0.0,90
409,267.82,0.0,0.0,90
312,267.61,0.0,0.0,90
390,267.61,0.0,0.0,90
827,267.61,0.0,0.0,90
2602,267.35,0.0,0.0,90
5160,267.22,0.0,0.0,40
6266,266.22,0.0,0.0,75
5802,265.72,0.0,0.0,90
4946,265.65,0.0,0.0,75
4667,265.72,0.0,0.0,75
5109,267.38,0.0,0.0,1
5325,268.41,0.0,0.0,40
5144,269.84,0.0,0.0,40
5366,270.87,0.0,0.0,75
5909,271.72,0.0,0.0,1
6261,272.64,0.0,0.0,1
6054,272.65,0.0,0.0,1
4713,271.94,0.0,0.0,1
3729,271.07,0.0,0.0,5
3169,270.68,0.0,0.0,1
3952,270.44,0.0,0.0,5
2914,270.08,0.0,0.0,1
1835,269.87,0.0,0.0,1
1094,269.51,0.0,0.0,1
676,269.43,0.0,0.0,1
583,269.22,0.0,0.0,1
394,268.92,0.0,0.0,1
438,269.08,0.0,0.0,1
717,269.36,0.0,0.0,75
1242,269.28,0.0,0.0,90
2124,269.72,0.0,0.0,90
2984,269.81,0.0,0.0,90
3770,269.81,0.0,0.0,90
4353,270.15,0.0,0.0,90
4954,270.5,0.0,0.0,90
5247,270.58,0.0,0.0,90
4933,270.48,0.0,0.0,90
4991,270.75,0.0,0.0,90
4764,270.75,0.0,0.0,90
4580,270.65,0.0,0.0,90
4735,270.15,0.0,0.0,90
4677,269.88,0.0,0.0,90
3769,269.75,0.0,0.0,90
3036,269.65,0.0,0.0,90
3165,269.35,0.0,0.0,90
3539,269.29,0.0,0.0,90
1880,269.15,0.0,0.0,90
1229,269.08,0.0,0.0,90
795,269.0,0.0,0.0,90
561,268.68,0.0,0.0,90
302,268.81,0.0,0.0,90
294,268.81,0.0,0.0,90
442,269.15,0.0,0.0,90
756,269.22,0.0,0.0,90
1227,269.37,0.0,0.0,90
1919,269.29,0.0,0.0,90
2631,269.3,0.0,0.0,90
3465,268.55,0.0,0.0,90
3919,268.68,0.0,0.0,40
4323,269.36,0.0,0.0,1
4679,270.08,0.0,0.0,1
4740,270.43,0.0,0.0,40
4535,270.94,0.0,0.0,1
4767,271.0,0.0,0.0,40
4284,270.22,0.0,0.0,40
3719,268.94,0.0,0.0,40
2906,267.42,0.0,0.0,20
2442,265.95,0.0,0.0,5
1939,264.3,0.0,0.0,5
1413,263.49,0.0,0.0,1
904,262.58,0.0,0.0,1
512,262.21,0.0,0.0,1
289,262.41,0.0,0.0,1
227,262.54,0.0,0.0,1
312,262.74,0.0,0.0,1
818,263.93,0.0,0.0,1
2685,265.21,0.0,0.0,75
5601,266.0,0.0,0.0,90
5606,266.94,0.0,0.0,90
3998,267.48,0.0,0.0,90
4470,268.26,0.0,0.0,90
3901,269.27,0.0,0.0,90
3983,270.71,0.0,0.0,90
4329,271.89,0.0,0.0,90
4314,273.28,0.0,0.0,90
4856,274.84,0.0,0.0,1
5400,275.82,0.0,0.0,90
6234,276.68,0.0,0.0,75
5935,276.08,0.0,0.0,90
4362,274.84,0.0,0.0,90
2772,274.16,0.0,0.0,90
2314,273.27,0.0,0.0,40
2066,272.81,0.0,0.0,90
1371,272.96,0.0,0.0,90
927,273.21,0.0,0.0,90
521,273.82,0.0,0.0,75
319,273.95,0.0,0.0,90
234,274.72,0.0,0.0,90
322,274.55,0.0,0.0,40
804,273.96,0.0,0.0,90
2786,273.86,0.0,0.0,90
5608,274.28,0.0,0.0,90
6160,274.09,0.0,0.0,20
5655,274.08,0.0,0.0,75
5139,274.22,0.0,0.0,75
4275,274.72,0.0,0.0,90
4553,275.52,0.0,0.0,90
4668,275.95,0.0,0.0,90
4765,275.88,0.0,0.0,90
5123,276.15,0.0,0.0,75
5911,275.95,0.0,0.0,90
6699,275.09,0.0,0.0,40
5783,275.02,0.0,0.0,75
4585,274.65,0.0,0.0,90
3119,274.35,0.0,0.0,90
2746,273.88,0.0,0.0,75
2401,273.28,0.0,0.0,90
1533,272.95,0.0,0.0,1
1048,271.95,0.0,0.0,1
593,271.82,0.0,0.0,40
375,272.01,0.0,0.0,90
270,271.71,0.0,0.0,75
321,271.09,0.0,0.0,75
876,269.97,0.0,0.0,1
2768,267.7,0.0,0.0,1
5805,265.29,0.0,0.0,40
6589,263.72,0.0,0.0,75
5890,261.99,0.0,0.0,1
5085,261.48,0.0,0.0,20
4423,261.58,0.0,0.0,1
4628,262.01,0.0,0.0,1
4759,263.08,0.0,0.0,1
4914,263.64,0.0,0.0,1
5393,264.21,0.0,0.0,1
5553,264.15,0.0,0.0,1
6482,264.53,0.0,0.0,5
5929,264.15,0.0,0.0,5
4511,263.35,0.0,0.0,5
3306,262.78,0.0,0.0,5
2841,262.58,0.0,0.0,5
2571,262.33,0.0,0.0,5
1753,262.09,0.0,0.0,1
1112,261.82,0.0,0.0,1
531,261.82,0.0,0.0,1
356,261.34,0.0,0.0,1
259,260.72,0.0,0.0,75
332,260.35,0.0,0.0,1
853,259.68,0.0,0.0,1
2763,258.97,0.0,0.0,1
5826,259.44,0.0,0.0,1
6276,259.22,0.0,0.0,1
6013,259.22,0.0,0.0,5
5089,259.81,0.0,0.0,1
4452,261.07,0.0,0.0,20
4770,262.09,0.0,0.0,20
4930,262.9,0.0,0.0,40
4801,263.65,0.0,0.0,40
5143,264.29,0.0,0.0,40
5695,264.72,0.0,0.0,1
6351,264.65,0.0,0.0,1
6117,264.42,0.0,0.0,1
4555,263.03,0.0,0.0,5
3364,262.15,0.0,0.0,1
2972,261.95,0.0,0.0,1
2648,261.42,0.0,0.0,1
1815,261.15,0.0,0.0,1
1153,260.59,0.0,0.0,1
802,260.35,0.0,0.0,1
549,259.95,0.0,0.0,1
394,259.22,0.0,0.0,1
367,259.35,0.0,0.0,1
932,259.23,0.0,0.0,1
2608,258.87,0.0,0.0,1
5515,258.65,0.0,0.0,1
6421,258.22,0.0,0.0,5
5861,258.44,0.0,0.0,1
4996,259.15,0.0,0.0,1
4548,260.59,0.0,0.0,1
5042,262.43,0.0,0.0,1
5157,264.35,0.0,0.0,1
5128,265.52,0.0,0.0,1
5397,266.77,0.0,0.0,5
5816,267.46,0.0,0.0,5
6421,267.9,0.0,0.0,5
6045,267.96,0.0,0.0,5
5017,266.96,0.0,0.0,1
3760,265.62,0.0,0.0,1
3316,265.08,0.0,0.0,5
3462,263.89,0.0,0.0,1
3106,263.15,0.0,0.0,1
1836,262.82,0.0,0.0,1
1854,262.35,0.0,0.0,1
1263,262.49,0.0,0.0,1
911,262.62,0.0,0.0,1
526,262.42,0.0,0.0,1
482,262.27,0.0,0.0,1
526,264.35,0.0,0.0,90
1054,265.41,0.0,0.0,40
1222,266.48,0.0,0.0,90
2121,266.84,0.0,0.0,75
3193,267.84,0.0,0.0,1
3850,269.61,0.0,0.0,90
4480,270.95,0.0,0.0,90
4954,271.71,0.0,0.0,90
5008,272.58,0.0,0.0,1
4832,273.4,0.0,0.0,40
4548,273.72,0.0,0.0,75
4671,274.09,0.0,0.0,40
4629,273.89,0.0,0.0,40
4468,273.65,0.0,0.0,90
4011,272.49,0.0,0.0,40
3562,272.01,0.0,0.0,75
4103,271.9,0.0,0.0,90
3939,272.15,0.0,0.0,90
2519,272.55,0.0,0.0,90
1854,272.62,0.0,0.0,90
1263,272.28,0.0,0.0,90
911,272.02,0.0,0.0,90
526,271.09,0.0,0.0,90
482,269.89,0.0,0.0,90
528,267.95,0.0,0.0,40
985,266.44,0.0,0.0,1
1130,265.69,0.0,0.0,75
1907,265.15,0.0,0.0,5
2834,265.09,0.0,0.0,75
3593,265.54,0.0,0.0,1
3767,266.41,0.0,0.0,20
4039,266.88,0.0,0.0,20
4341,267.39,0.0,0.0,40
4281,267.84,0.0,0.0,20
4323,268.43,0.0,0.0,20
4493,268.49,0.0,0.0,1
3671,268.42,0.0,0.0,1
2711,267.72,0.0,0.0,1
2121,266.48,0.0,0.0,75
2076,265.68,0.0,0.0,90
2751,265.28,0.0,0.0,90
2485,265.02,0.0,0.0,1
1058,264.66,0.0,0.0,1
517,264.28,0.0,0.0,1
329,264.09,0.0,0.0,1
256,264.09,0.0,0.0,1
310,264.29,0.0,0.0,1
811,264.69,0.0,0.0,1
2600,264.65,0.0,0.0,1
5626,264.47,0.0,0.0,1
6550,264.41,0.0,0.0,1
5779,264.53,0.0,0.0,1
4885,265.09,0.0,0.0,1
4218,266.42,0.0,0.0,1
4256,268.82,0.0,0.0,75
4629,270.62,0.0,0.0,1
4485,271.62,0.0,0.0,1
4910,272.48,0.0,0.0,75
5639,272.89,0.0,0.0,1
6551,273.02,0.0,0.0,90
6000,272.68,0.0,0.0,90
4526,272.35,0.0,0.0,90
2848,272.22,0.0,0.0,90
2383,272.09,0.0,0.0,90
2101,272.35,0.0,0.0,90
1451,272.15,0.0,0.0,90
926,272.1,0.0,0.0,75
502,271.85,0.0,0.0,90
326,271.59,0.0,0.0,75
257,271.59,0.0,0.0,40
319,271.36,0.0,0.0,1
891,271.28,0.0,0.0,90
2834,270.9,0.0,0.0,90
5611,270.35,0.0,0.0,90
5929,269.89,0.0,0.0,90
5059,269.84,0.0,0.0,90
4140,269.47,0.0,0.0,90
3927,269.35,0.0,0.0,90
4108,269.28,0.0,0.0,90
4339,268.96,0.0,0.0,90
4321,268.62,0.0,0.0,90
4646,267.9,0.0,0.0,90
5350,268.15,0.0,0.0,90
6499,267.59,0.0,0.0,90
5784,267.15,0.0,0.0,90
4454,266.53,0.0,0.0,1
3103,265.89,0.0,0.0,75
2566,265.51,0.0,0.0,40
2264,264.51,0.0,0.0,5
1570,263.72,0.0,0.0,75
954,262.59,0.0,0.0,75
739,261.97,0.0,0.0,75
561,261.09,0.0,0.0,1
407,260.09,0.0,0.0,1
387,259.16,0.0,0.0,1
914,258.22,0.0,0.0,1
2833,256.83,0.0,0.0,1
5795,256.09,0.0,0.0,1
6785,255.66,0.0,0.0,1
6115,255.09,0.0,0.0,40
5033,255.35,0.0,0.0,40
4141,256.08,0.0,0.0,20
4703,257.46,0.0,0.0,20
4825,259.08,0.0,0.0,1
4725,260.21,0.0,0.0,5
5072,261.15,0.0,0.0,1
5715,262.02,0.0,0.0,20
6620,262.47,0.0,0.0,1
6546,262.59,0.0,0.0,5
4966,261.59,0.0,0.0,8
3398,261.16,0.0,0.0,40
2706,260.42,0.0,0.0,90
2819,260.42,0.0,0.0,40
3925,260.02,0.0,0.0,1
1237,259.62,0.0,0.0,1
602,259.36,0.0,0.0,1
355,259.16,0.0,0.0,1
292,258.29,0.0,0.0,1
342,257.42,0.0,0.0,1
878,257.15,0.0,0.0,1
2731,256.82,0.0,0.0,1
5706,256.49,0.0,0.0,1
6630,256.29,0.0,0.0,1
5886,256.02,0.0,0.0,5
5121,257.15,0.0,0.0,5
4527,258.22,0.0,0.0,1
4789,260.02,0.0,0.0,1
4864,261.65,0.0,0.0,1
4959,263.21,0.0,0.0,1
5327,264.61,0.0,0.0,1
5977,265.68,0.0,0.0,5
6594,266.08,0.0,0.0,5
6168,266.58,0.0,0.0,1
4828,265.53,0.0,0.0,40
3397,265.58,0.0,0.0,75
2931,265.72,0.0,0.0,40
2765,265.9,0.0,0.0,90
2020,266.41,0.0,0.0,75
1158,266.55,0.0,0.0,75
590,266.79,0.0,0.0,90
393,267.02,0.0,0.0,90
303,267.02,0.0,0.0,90
340,267.08,0.0,0.0,1
874,266.79,0.0,0.0,1
2750,266.9,0.0,0.0,1
5684,267.27,0.0,0.0,1
6474,267.46,0.0,0.0,1
5710,267.61,0.0,0.0,1
4795,268.33,0.0,0.0,1
4203,269.71,0.0,0.0,1
4464,271.15,0.0,0.0,1
4664,273.39,0.0,0.0,75
4622,275.27,0.0,0.0,40
4989,277.02,0.0,0.0,40
5670,278.58,0.0,0.0,40
6566,279.61,0.0,0.0,1
6124,279.55,0.0,0.0,1
4694,278.78,0.0,0.0,40
3186,277.96,0.0,0.0,75
2646,277.59,0.0,0.0,1
2487,278.08,0.0,0.0,75
2242,278.4,0.0,0.0,1
1069,278.72,0.0,0.0,1
1197,278.36,0.0,0.0,1
788,277.89,0.0,0.0,1
538,277.69,0.0,0.0,40
334,277.35,0.0,0.0,1
265,276.69,0.0,0.0,1
460,276.22,0.0,0.0,1
875,275.69,0.0,0.0,1
1249,275.22,0.0,0.0,90
2098,274.76,0.0,0.0,90
3155,274.75,0.0,0.0,75
4247,275.42,0.0,0.0,1
4645,275.73,0.0,0.0,1
5020,276.75,0.0,0.0,1
4928,277.36,0.0,0.0,1
4986,278.35,0.0,0.0,1
4815,278.88,0.0,0.0,1
4760,278.51,0.0,0.0,40
4984,278.01,0.0,0.0,40
4739,277.16,0.0,0.0,90
3605,276.4,0.0,0.0,90
2862,275.95,0.0,0.0,90
2835,275.82,0.0,0.0,90
2489,275.75,0.0,0.0,90
1822,275.84,0.0,0.0,1
1196,275.88,0.0,0.0,40
829,275.88,0.0,0.0,40
538,276.15,0.0,0.0,1
334,275.72,0.0,0.0,1
265,275.55,0.0,0.0,90
429,274.75,0.0,0.0,40
774,273.22,0.0,0.0,1
1084,271.95,0.0,0.0,1
1789,271.35,0.0,0.0,1
2666,271.36,0.0,0.0,5
3517,272.42,0.0,0.0,1
3952,273.42,0.0,0.0,5
4297,274.42,0.0,0.0,1
4679,275.28,0.0,0.0,1
4538,275.88,0.0,0.0,1
4342,276.4,0.0,0.0,1
4775,276.87,0.0,0.0,1
5766,276.53,0.0,0.0,1
3964,275.53,0.0,0.0,1
3168,274.75,0.0,0.0,1
2631,273.53,0.0,0.0,1
2208,273.02,0.0,0.0,1
1723,271.84,0.0,0.0,1
1069,271.49,0.0,0.0,1
645,270.96,0.0,0.0,1
402,271.02,0.0,0.0,1
324,270.81,0.0,0.0,1
368,270.58,0.0,0.0,1
869,270.34,0.0,0.0,1
2703,270.58,0.0,0.0,1
5717,270.21,0.0,0.0,1
6643,270.55,0.0,0.0,1
6255,271.02,0.0,0.0,1
4943,272.75,0.0,0.0,1
4447,275.08,0.0,0.0,1
4558,276.75,0.0,0.0,1
4627,278.42,0.0,0.0,1
4794,278.95,0.0,0.0,1
4930,279.82,0.0,0.0,1
5568,280.65,0.0,0.0,1
5568,280.65,0.0,0.0,1
5568,280.65,0.0,0.0,1
5568,280.65,0.0,0.0,1
5568,280.65,0.0,0.0,1
332,271.815,0.0,0.0,0
332,271.815,0.0,0.0,0
332,271.815,0.0,0.0,0
332,271.815,0.0,0.0,0
332,271.815,0.0,0.0,0
332,271.815,0.0,0.0,0
266,270.536,0.0,0.0,0
322,270.536,0.0,0.0,0
831,270.536,0.0,0.0,0
2746,269.822,0.0,0.0,0
5774,269.822,0.0,0.0,0
6355,269.822,0.0,0.0,0
6003,272.061,0.0,0.0,24
5153,273.16700000000003,0.0,0.0,0
4395,273.16700000000003,0.0,0.0,0
4650,277.353,0.0,0.0,8
4915,277.353,0.0,0.0,8
4811,277.353,0.0,0.0,8
5098,275.46,0.0,0.0,36
5892,275.46,0.0,0.0,36
6530,275.46,0.0,0.0,36
6093,271.087,0.0,0.0,0
4734,271.087,0.0,0.0,0
3376,271.087,0.0,0.0,0
2715,268.832,0.0,0.0,0
3111,268.832,0.0,0.0,0
3604,268.832,0.0,0.0,0
1296,267.254,0.0,0.0,0
671,267.254,0.0,0.0,0
368,267.254,0.0,0.0,0
287,265.42900000000003,0.0,0.0,0
335,265.42900000000003,0.0,0.0,0
884,265.42900000000003,0.0,0.0,0
2731,263.79200000000003,0.0,0.0,0
5810,263.79200000000003,0.0,0.0,0
6830,263.79200000000003,0.0,0.0,0
6036,264.896,0.0,0.0,8
5176,264.896,0.0,0.0,8
4440,265.191,0.0,0.0,0
4703,270.55,0.0,0.0,0
4880,270.55,0.0,0.0,0
4873,270.55,0.0,0.0,0
5206,273.939,0.0,0.0,0
5605,273.939,0.0,0.0,0
6601,273.939,0.0,0.0,0
6093,271.341,0.0,0.0,8
4844,271.341,0.0,0.0,8
3502,271.341,0.0,0.0,8
2844,267.775,0.0,0.0,0
2727,267.775,0.0,0.0,0
1722,267.775,0.0,0.0,0
1050,267.785,0.0,0.0,0
711,267.785,0.0,0.0,0
504,267.785,0.0,0.0,0
418,268.039,0.0,0.0,8
468,268.039,0.0,0.0,8
933,268.039,0.0,0.0,8
2755,268.381,0.0,0.0,24
5721,268.381,0.0,0.0,24
6888,268.381,0.0,0.0,24
6137,270.471,0.0,0.0,20
5040,270.471,0.0,0.0,20
4510,270.471,0.0,0.0,20
4739,276.269,0.0,0.0,68
4864,276.269,0.0,0.0,68
5039,276.269,0.0,0.0,68
5365,279.555,0.0,0.0,76
5681,279.555,0.0,0.0,76
6564,279.555,0.0,0.0,76
6273,276.83,0.0,0.0,20
4663,276.83,0.0,0.0,20
3399,276.83,0.0,0.0,20
2934,273.774,0.0,0.0,12
3283,273.774,0.0,0.0,12
3751,273.774,0.0,0.0,12
1319,272.589,0.0,0.0,0
692,272.589,0.0,0.0,0
402,272.589,0.0,0.0,0
325,270.756,0.0,0.0,0
349,270.756,0.0,0.0,0
828,270.756,0.0,0.0,0
2577,269.97900000000004,0.0,0.0,0
5465,269.97900000000004,0.0,0.0,0
6370,269.97900000000004,0.0,0.0,0
5960,275.153,0.0,0.0,0
5207,275.153,0.0,0.0,0
4841,276.411,0.0,0.0,0
5259,286.372,0.0,0.0,0
5385,286.372,0.0,0.0,0
5351,286.372,0.0,0.0,0
5474,288.567,0.0,0.0,0
5955,288.567,0.0,0.0,0
6571,288.567,0.0,0.0,0
5633,283.808,0.0,0.0,0
5000,283.808,0.0,0.0,0
3915,283.808,0.0,0.0,0
3199,279.514,0.0,0.0,8
3124,279.514,0.0,0.0,8
2576,279.514,0.0,0.0,8
1813,276.608,0.0,0.0,0
1230,276.608,0.0,0.0,0
749,276.608,0.0,0.0,0
610,274.666,0.0,0.0,0
369,274.666,0.0,0.0,0
380,274.666,0.0,0.0,0
608,272.936,0.0,0.0,0
1179,272.936,0.0,0.0,0
1952,272.936,0.0,0.0,0
3050,274.941,0.0,0.0,0
3754,274.941,0.0,0.0,0
4329,276.276,0.0,0.0,24
4663,283.492,0.0,0.0,8
5114,283.492,0.0,0.0,8
5114,283.492,0.0,0.0,8
5255,286.77,0.0,0.0,0
4719,286.77,0.0,0.0,0
4912,286.77,0.0,0.0,0
4871,282.231,0.0,0.0,32
4525,282.231,0.0,0.0,32
3742,282.231,0.0,0.0,32
2887,276.249,0.0,0.0,20
3219,276.249,0.0,0.0,20
4272,276.249,0.0,0.0,20
2177,274.17,0.0,0.0,8
1587,274.17,0.0,0.0,8
952,274.17,0.0,0.0,8
814,272.296,0.0,0.0,12
453,272.296,0.0,0.0,12
402,272.296,0.0,0.0,12
566,272.135,0.0,0.0,36
983,272.135,0.0,0.0,36
1293,272.135,0.0,0.0,36
2001,277.671,0.0,0.0,64
2925,277.671,0.0,0.0,64
3722,277.671,0.0,0.0,64
4179,286.724,0.0,0.0,20
4608,286.724,0.0,0.0,20
4821,286.724,0.0,0.0,20
4813,287.865,0.0,0.0,68
4808,287.865,0.0,0.0,68
5012,287.865,0.0,0.0,68
4566,286.267,0.0,0.0,88
3843,286.267,0.0,0.0,88
3109,286.267,0.0,0.0,88
2516,285.215,0.0,0.0,48
2263,285.215,0.0,0.0,48
1580,285.215,0.0,0.0,48
1030,285.059,0.0,0.0,68
629,285.059,0.0,0.0,68
377,285.059,0.0,0.0,68
298,285.122,0.0,0.0,64
303,285.122,0.0,0.0,64
737,285.122,0.0,0.0,64
2395,285.422,0.0,0.0,68
4705,285.422,0.0,0.0,68
4948,285.422,0.0,0.0,68
4929,286.832,0.0,0.0,88
4356,286.832,0.0,0.0,88
4016,286.399,0.0,0.0,88
4365,286.832,0.0,0.0,92
4313,286.832,0.0,0.0,92
4294,286.832,0.0,0.0,92
4411,286.557,0.0,0.0,92
4567,286.557,0.0,0.0,92
5107,286.557,0.0,0.0,92
4930,286.548,0.0,0.0,92
3779,286.548,0.0,0.0,92
2804,286.548,0.0,0.0,92
2367,282.47,0.0,0.0,68
2245,282.47,0.0,0.0,68
2474,282.47,0.0,0.0,68
1133,278.422,0.0,0.0,0
619,278.422,0.0,0.0,0
372,278.422,0.0,0.0,0
358,275.368,0.0,0.0,0
358,275.368,0.0,0.0,0
358,275.368,0.0,0.0,0
358,275.368,0.0,0.0,0
5252,273.84,0.0,0.0,1
5252,273.84,0.0,0.0,1
5252,273.84,0.0,0.0,1
5252,273.84,0.0,0.0,1
3830,275.29,0.0,0.0,40
4621,277.64,0.0,0.0,40
4938,280.58,0.0,0.0,1
4694,284.67,0.0,0.0,40
5186,286.72,0.0,0.0,1
5729,288.51,0.0,0.0,75
6960,288.86,0.0,0.0,75
6301,288.23,0.0,0.0,75
4569,287.16,0.0,0.0,75
3310,285.09,0.0,0.0,75
2828,283.76,0.0,0.0,1
3436,282.62,0.0,0.0,20
3237,281.43,0.0,0.0,1
1169,279.66,0.0,0.0,1
625,278.8,0.0,0.0,1
379,277.96,0.0,0.0,1
313,276.66,0.0,0.0,1
372,276.16,0.0,0.0,90
869,276.09,0.0,0.0,1
2622,277.02,0.0,0.0,1
5423,277.15,0.0,0.0,1
6094,276.37,0.0,0.0,90
5732,275.68,0.0,0.0,90
4933,277.35,0.0,0.0,90
4215,278.89,0.0,0.0,75
4584,279.82,0.0,0.0,90
4808,281.55,0.0,0.0,75
4779,282.29,0.0,0.0,75
5052,284.01,0.0,0.0,75
5492,285.29,0.0,0.0,1
6359,286.02,0.0,0.0,75
5839,285.56,0.0,0.0,75
4524,283.59,0.0,0.0,90
3289,282.09,0.0,0.0,75
2826,280.49,0.0,0.0,90
2836,279.38,0.0,0.0,90
2517,277.95,0.0,0.0,90
1276,277.22,0.0,0.0,90
555,276.08,0.0,0.0,90
428,275.43,0.0,0.0,90
304,275.22,0.0,0.0,90
465,275.03,0.0,0.0,90
1008,274.28,0.0,0.0,90
2809,273.78,0.0,0.0,90
6054,273.29,0.0,0.0,1
7027,272.78,0.0,0.0,40
6383,272.15,0.0,0.0,75
5403,272.55,0.0,0.0,75
4885,273.01,0.0,0.0,40
4988,273.62,0.0,0.0,40
5232,274.49,0.0,0.0,75
5303,274.62,0.0,0.0,90
5500,274.47,0.0,0.0,90
6165,273.91,0.0,0.0,90
7154,273.42,0.0,0.0,90
6257,272.95,0.0,0.0,90
4860,272.84,0.0,0.0,90
3594,272.58,0.0,0.0,90
3210,272.29,0.0,0.0,75
2716,271.87,0.0,0.0,40
1956,271.84,0.0,0.0,90
1135,271.72,0.0,0.0,90
696,271.62,0.0,0.0,90
338,271.29,0.0,0.0,40
293,271.09,0.0,0.0,90
334,270.95,0.0,0.0,75
792,270.69,0.0,0.0,75
2391,270.09,0.0,0.0,75
4933,269.69,0.0,0.0,75
5678,269.69,0.0,0.0,90
5201,269.49,0.0,0.0,90
4722,269.42,0.0,0.0,90
4130,269.62,0.0,0.0,90
4363,269.62,0.0,0.0,90
4747,269.88,0.0,0.0,90
4825,269.82,0.0,0.0,90
5111,270.15,0.0,0.0,90
5505,269.95,0.0,0.0,1
6215,270.15,0.0,0.0,1
5868,269.82,0.0,0.0,1
4886,269.55,0.0,0.0,90
3447,268.95,0.0,0.0,1
2900,268.4,0.0,0.0,75
2949,268.02,0.0,0.0,75
2402,267.86,0.0,0.0,1
1665,267.28,0.0,0.0,1
1087,267.02,0.0,0.0,1
655,266.35,0.0,0.0,1
609,265.49,0.0,0.0,1
396,264.95,0.0,0.0,1
643,264.62,0.0,0.0,1
1036,264.09,0.0,0.0,1
1449,263.65,0.0,0.0,1
2060,263.34,0.0,0.0,1
2985,263.4,0.0,0.0,1
3861,264.41,0.0,0.0,5
4256,266.08,0.0,0.0,1
4784,268.14,0.0,0.0,5
5280,270.08,0.0,0.0,20
5213,271.15,0.0,0.0,1
4905,272.64,0.0,0.0,40
4804,273.15,0.0,0.0,90
4771,273.55,0.0,0.0,90
4655,272.9,0.0,0.0,90
4636,273.15,0.0,0.0,90
3450,272.79,0.0,0.0,90
2906,272.22,0.0,0.0,40
3234,270.65,0.0,0.0,40
2596,270.35,0.0,0.0,1
1943,269.75,0.0,0.0,1
1298,269.65,0.0,0.0,1
805,269.59,0.0,0.0,40
602,269.52,0.0,0.0,75
396,269.34,0.0,0.0,90
643,269.34,0.0,0.0,90
955,269.61,0.0,0.0,75
1302,269.09,0.0,0.0,75
1815,268.59,0.0,0.0,75
2591,268.81,0.0,0.0,75
3327,269.81,0.0,0.0,75
3659,271.27,0.0,0.0,40
4149,273.46,0.0,0.0,75
4475,274.35,0.0,0.0,90
4676,275.35,0.0,0.0,75
4527,275.83,0.0,0.0,40
4266,275.34,0.0,0.0,1
4329,275.09,0.0,0.0,20
4095,274.35,0.0,0.0,1
3679,273.09,0.0,0.0,5
2951,271.96,0.0,0.0,1
2447,270.69,0.0,0.0,1
2028,270.29,0.0,0.0,1
1464,270.49,0.0,0.0,90
1054,270.95,0.0,0.0,90
576,270.89,0.0,0.0,90
338,271.02,0.0,0.0,75
264,270.34,0.0,0.0,90
307,270.15,0.0,0.0,90
848,270.08,0.0,0.0,90
2699,269.35,0.0,0.0,1
5773,268.79,0.0,0.0,1
6724,268.21,0.0,0.0,1
6085,268.95,0.0,0.0,40
5034,270.71,0.0,0.0,40
4397,272.82,0.0,0.0,75
4340,275.08,0.0,0.0,1
4802,278.22,0.0,0.0,40
4670,278.58,0.0,0.0,75
5178,279.08,0.0,0.0,90
5681,279.27,0.0,0.0,75
6516,279.27,0.0,0.0,75
6028,279.03,0.0,0.0,75
4580,277.88,0.0,0.0,75
3219,276.4,0.0,0.0,40
2647,275.71,0.0,0.0,75
2473,275.35,0.0,0.0,75
3711,275.35,0.0,0.0,1
1173,275.02,0.0,0.0,90
601,275.22,0.0,0.0,1
362,275.15,0.0,0.0,75
302,275.95,0.0,0.0,90
335,275.29,0.0,0.0,90
864,275.34,0.0,0.0,90
2740,275.15,0.0,0.0,75
5768,274.96,0.0,0.0,90
6109,275.15,0.0,0.0,90
6301,275.75,0.0,0.0,90
5255,276.35,0.0,0.0,40
4532,277.95,0.0,0.0,75
4798,278.88,0.0,0.0,40
5029,278.89,0.0,0.0,40
4957,279.29,0.0,0.0,40
5442,279.36,0.0,0.0,75
5912,279.09,0.0,0.0,90
6949,278.23,0.0,0.0,90
6365,276.91,0.0,0.0,90
4867,275.91,0.0,0.0,90
3311,275.09,0.0,0.0,90
2971,274.42,0.0,0.0,90
2890,273.71,0.0,0.0,90
2648,273.28,0.0,0.0,90
1141,272.84,0.0,0.0,90
619,272.65,0.0,0.0,90
395,272.49,0.0,0.0,90
357,272.22,0.0,0.0,90
375,271.95,0.0,0.0,90
896,271.28,0.0,0.0,90
2278,271.02,0.0,0.0,90
3771,270.62,0.0,0.0,90
3683,270.08,0.0,0.0,90
3997,270.15,0.0,0.0,90
5810,270.75,0.0,0.0,90
4513,270.84,0.0,0.0,75
4537,271.58,0.0,0.0,75
4816,272.71,0.0,0.0,20
4805,274.41,0.0,0.0,75
5379,274.83,0.0,0.0,90
5712,275.01,0.0,0.0,90
6948,274.59,0.0,0.0,90
6466,274.53,0.0,0.0,90
4755,272.42,0.0,0.0,90
3200,271.96,0.0,0.0,90
2927,270.9,0.0,0.0,40
2439,270.72,0.0,0.0,75
1720,269.84,0.0,0.0,90
1084,269.48,0.0,0.0,90
565,268.62,0.0,0.0,90
359,267.78,0.0,0.0,75
258,266.97,0.0,0.0,40
342,266.53,0.0,0.0,1
856,265.9,0.0,0.0,1
2751,265.49,0.0,0.0,1
5939,265.03,0.0,0.0,1
6684,264.9,0.0,0.0,1
6031,264.94,0.0,0.0,1
5165,266.01,0.0,0.0,1
4765,266.93,0.0,0.0,1
5013,268.88,0.0,0.0,40
4949,270.35,0.0,0.0,1
5119,271.15,0.0,0.0,1
5465,271.48,0.0,0.0,40
6207,271.15,0.0,0.0,40
6686,271.02,0.0,0.0,40
6515,270.49,0.0,0.0,40
5022,269.72,0.0,0.0,1
3581,268.59,0.0,0.0,5
2973,268.08,0.0,0.0,5
3225,267.37,0.0,0.0,5
1866,266.69,0.0,0.0,1
1305,266.09,0.0,0.0,1
722,265.76,0.0,0.0,1
406,264.76,0.0,0.0,1
310,263.96,0.0,0.0,1
373,263.56,0.0,0.0,1
831,262.53,0.0,0.0,1
2576,262.09,0.0,0.0,1
5495,261.69,0.0,0.0,1
6459,261.29,0.0,0.0,20
5874,262.08,0.0,0.0,40
5025,264.95,0.0,0.0,1
4837,265.55,0.0,0.0,75
5370,266.88,0.0,0.0,1
5727,269.81,0.0,0.0,1
5665,269.88,0.0,0.0,1
5718,271.22,0.0,0.0,75
5967,272.15,0.0,0.0,75
6607,271.65,0.0,0.0,90
6125,270.9,0.0,0.0,90
5208,270.28,0.0,0.0,90
3960,270.22,0.0,0.0,90
3380,269.96,0.0,0.0,90
3107,269.65,0.0,0.0,75
2448,269.75,0.0,0.0,90
1883,269.95,0.0,0.0,90
1080,270.21,0.0,0.0,90
672,270.34,0.0,0.0,90
522,270.42,0.0,0.0,90
365,270.15,0.0,0.0,90
491,270.22,0.0,0.0,75
526,270.02,0.0,0.0,1
1056,269.95,0.0,0.0,1
1507,269.82,0.0,0.0,20
2431,269.96,0.0,0.0,20
3374,272.65,0.0,0.0,5
4445,274.15,0.0,0.0,1
4946,275.52,0.0,0.0,1
5204,276.48,0.0,0.0,1
5193,277.71,0.0,0.0,1
5062,278.21,0.0,0.0,1
4643,278.59,0.0,0.0,1
4843,278.35,0.0,0.0,1
4955,277.42,0.0,0.0,1
4489,276.48,0.0,0.0,1
3503,276.01,0.0,0.0,1
3216,275.93,0.0,0.0,1
3532,275.21,0.0,0.0,1
3301,275.65,0.0,0.0,1
2188,275.48,0.0,0.0,1
1546,275.42,0.0,0.0,1
1031,275.65,0.0,0.0,1
746,275.59,0.0,0.0,1
543,275.9,0.0,0.0,1
491,275.78,0.0,0.0,1
591,275.9,0.0,0.0,1
1011,275.95,0.0,0.0,1
1368,276.21,0.0,0.0,1
2100,277.65,0.0,0.0,40
2847,278.54,0.0,0.0,75
3654,280.02,0.0,0.0,90
4127,281.9,0.0,0.0,75
4745,284.08,0.0,0.0,75
4566,286.14,0.0,0.0,1
4557,286.64,0.0,0.0,75
4632,286.46,0.0,0.0,90
4684,286.21,0.0,0.0,90
4180,285.48,0.0,0.0,90
3749,283.77,0.0,0.0,90
4253,283.41,0.0,0.0,75
3643,283.35,0.0,0.0,90
2198,283.15,0.0,0.0,90
1581,282.95,0.0,0.0,75
1001,283.08,0.0,0.0,75
585,282.75,0.0,0.0,40
387,282.75,0.0,0.0,90
304,282.95,0.0,0.0,40
363,283.22,0.0,0.0,90
865,283.55,0.0,0.0,75
2744,283.68,0.0,0.0,90
5673,283.62,0.0,0.0,75
6531,283.75,0.0,0.0,90
5931,283.93,0.0,0.0,90
4802,284.08,0.0,0.0,90
4296,284.35,0.0,0.0,90
4490,284.55,0.0,0.0,90
4758,284.77,0.0,0.0,90
4711,285.4,0.0,0.0,90
5014,286.55,0.0,0.0,90
5727,288.27,0.0,0.0,40
6645,289.75,0.0,0.0,40
6199,289.78,0.0,0.0,40
4261,289.1,0.0,0.0,90
2910,287.49,0.0,0.0,90
2402,285.6,0.0,0.0,75
2038,284.29,0.0,0.0,1
1514,281.78,0.0,0.0,1
977,279.46,0.0,0.0,75
517,277.78,0.0,0.0,90
327,276.15,0.0,0.0,90
237,274.65,0.0,0.0,90
325,273.15,0.0,0.0,90
785,271.53,0.0,0.0,90
2746,271.08,0.0,0.0,90
5966,271.62,0.0,0.0,90
6461,271.65,0.0,0.0,75
6441,271.82,0.0,0.0,1
5109,273.22,0.0,0.0,5
4544,274.48,0.0,0.0,1
4655,276.35,0.0,0.0,5
4961,279.41,0.0,0.0,1
4801,280.08,0.0,0.0,75
5215,280.62,0.0,0.0,90
5709,280.89,0.0,0.0,40
6722,280.68,0.0,0.0,1
6017,280.82,0.0,0.0,75
4775,280.29,0.0,0.0,1
3425,278.96,0.0,0.0,40
2815,278.09,0.0,0.0,40
3727,277.29,0.0,0.0,1
2816,276.22,0.0,0.0,1
1115,275.62,0.0,0.0,75
607,274.76,0.0,0.0,90
388,273.69,0.0,0.0,90
303,272.41,0.0,0.0,90
313,271.56,0.0,0.0,90
818,270.69,0.0,0.0,90
2692,270.22,0.0,0.0,40
5898,269.95,0.0,0.0,40
6832,269.16,0.0,0.0,40
6134,268.31,0.0,0.0,40
5194,268.23,0.0,0.0,40
4454,268.35,0.0,0.0,75
4749,269.73,0.0,0.0,20
5070,270.31,0.0,0.0,40
5313,272.22,0.0,0.0,1
5642,273.02,0.0,0.0,1
5956,273.15,0.0,0.0,1
7107,273.09,0.0,0.0,40
6837,273.09,0.0,0.0,20
4829,272.29,0.0,0.0,5
3529,271.15,0.0,0.0,5
3053,271.07,0.0,0.0,20
2544,270.99,0.0,0.0,75
1849,270.88,0.0,0.0,40
1455,270.95,0.0,0.0,75
569,271.0,0.0,0.0,90
364,270.66,0.0,0.0,90
271,270.34,0.0,0.0,40
322,270.0,0.0,0.0,1
830,269.35,0.0,0.0,1
3166,269.19,0.0,0.0,1
6236,268.46,0.0,0.0,90
6928,268.0,0.0,0.0,90
6327,268.14,0.0,0.0,90
5226,268.71,0.0,0.0,90
4594,269.15,0.0,0.0,1
5068,270.08,0.0,0.0,1
5254,271.02,0.0,0.0,40
5278,270.82,0.0,0.0,1
5599,271.01,0.0,0.0,90
5929,270.78,0.0,0.0,90
7280,270.75,0.0,0.0,90
6453,270.62,0.0,0.0,90
4672,270.23,0.0,0.0,40
3494,269.16,0.0,0.0,40
3628,268.22,0.0,0.0,1
3124,267.56,0.0,0.0,5
2820,266.82,0.0,0.0,1
2218,266.03,0.0,0.0,1
717,264.22,0.0,0.0,1
422,263.53,0.0,0.0,1
356,262.22,0.0,0.0,1
345,260.22,0.0,0.0,1
832,260.02,0.0,0.0,1
2505,258.76,0.0,0.0,1
5503,257.88,0.0,0.0,1
6536,257.51,0.0,0.0,1
5831,258.22,0.0,0.0,1
5267,259.35,0.0,0.0,1
4785,260.08,0.0,0.0,1
5292,260.68,0.0,0.0,1
5614,262.65,0.0,0.0,1
5763,263.59,0.0,0.0,1
5881,264.55,0.0,0.0,1
6103,264.65,0.0,0.0,1
6986,265.02,0.0,0.0,1
6514,264.72,0.0,0.0,1
5445,264.22,0.0,0.0,75
3799,263.9,0.0,0.0,40
3195,263.28,0.0,0.0,5
2929,263.22,0.0,0.0,1
2680,262.75,0.0,0.0,1
3025,262.35,0.0,0.0,1
1459,261.35,0.0,0.0,1
1107,261.22,0.0,0.0,1
571,261.28,0.0,0.0,1
436,260.55,0.0,0.0,1
430,260.49,0.0,0.0,1
612,260.01,0.0,0.0,1
1143,260.01,0.0,0.0,75
1547,259.82,0.0,0.0,90
3346,260.08,0.0,0.0,90
4256,260.88,0.0,0.0,40
4763,262.01,0.0,0.0,75
5192,263.35,0.0,0.0,90
5096,264.53,0.0,0.0,75
4960,265.55,0.0,0.0,40
5225,266.35,0.0,0.0,75
5611,267.03,0.0,0.0,90
5436,266.88,0.0,0.0,40
5031,267.09,0.0,0.0,40
4843,266.21,0.0,0.0,90
4043,265.68,0.0,0.0,90
3443,265.48,0.0,0.0,90
4083,263.9,0.0,0.0,1
3774,263.78,0.0,0.0,1
2645,263.03,0.0,0.0,1
1825,262.34,0.0,0.0,1
1107,262.09,0.0,0.0,1
436,261.27,0.0,0.0,1
436,261.27,0.0,0.0,1
430,261.28,0.0,0.0,1
487,261.4,0.0,0.0,1
777,261.77,0.0,0.0,40
998,261.71,0.0,0.0,1
1758,262.15,0.0,0.0,40
2613,263.65,0.0,0.0,1
3406,265.0,0.0,0.0,40
3935,266.08,0.0,0.0,90
4465,267.08,0.0,0.0,90
4610,267.15,0.0,0.0,90
5027,267.22,0.0,0.0,90
4431,266.65,0.0,0.0,90
3302,266.4,0.0,0.0,90
2706,266.28,0.0,0.0,90
2823,266.09,0.0,0.0,90
2335,265.75,0.0,0.0,90
1817,265.75,0.0,0.0,90
1738,265.68,0.0,0.0,90
1935,265.62,0.0,0.0,90
2334,265.28,0.0,0.0,90
658,265.4,0.0,0.0,90
385,265.34,0.0,0.0,90
282,265.42,0.0,0.0,90
349,265.22,0.0,0.0,90
800,264.65,0.0,0.0,90
2552,264.72,0.0,0.0,90
4930,263.9,0.0,0.0,1
5439,263.28,0.0,0.0,1
4699,262.68,0.0,0.0,1
3911,265.35,0.0,0.0,1
3911,265.35,0.0,0.0,1
3967,266.15,0.0,0.0,75
4115,267.42,0.0,0.0,1
4470,268.65,0.0,0.0,1
4775,269.15,0.0,0.0,40
5357,269.27,0.0,0.0,40
6366,269.58,0.0,0.0,40
6097,269.55,0.0,0.0,90
4568,269.42,0.0,0.0,75
3124,267.78,0.0,0.0,1
2522,267.41,0.0,0.0,1
2254,265.85,0.0,0.0,40
1601,264.29,0.0,0.0,1
985,263.23,0.0,0.0,1
587,261.91,0.0,0.0,1
351,259.71,0.0,0.0,1
244,259.6,0.0,0.0,1
340,258.21,0.0,0.0,1
801,257.84,0.0,0.0,1
2647,257.34,0.0,0.0,1
5639,257.68,0.0,0.0,1
6494,257.15,0.0,0.0,1
6007,258.55,0.0,0.0,1
4947,262.02,0.0,0.0,1
4286,264.88,0.0,0.0,1
4442,267.15,0.0,0.0,1
4724,268.22,0.0,0.0,1
4968,269.35,0.0,0.0,1
5093,270.22,0.0,0.0,1
5754,270.62,0.0,0.0,1
6256,271.22,0.0,0.0,1
6182,271.09,0.0,0.0,1
4511,271.36,0.0,0.0,20
3355,270.22,0.0,0.0,1
3006,269.49,0.0,0.0,1
2406,267.72,0.0,0.0,1
1744,266.28,0.0,0.0,1
1059,265.9,0.0,0.0,1
752,265.62,0.0,0.0,1
468,264.75,0.0,0.0,1
585,263.84,0.0,0.0,1
571,263.35,0.0,0.0,1
1004,262.4,0.0,0.0,1
2855,261.72,0.0,0.0,1
5682,260.95,0.0,0.0,1
6628,260.27,0.0,0.0,1
5656,261.03,0.0,0.0,1
4518,267.48,0.0,0.0,1
4518,267.48,0.0,0.0,1
4865,269.15,0.0,0.0,1
4841,271.02,0.0,0.0,1
5004,271.9,0.0,0.0,1
5255,272.46,0.0,0.0,1
5797,272.82,0.0,0.0,1
6552,273.02,0.0,0.0,1
6233,272.9,0.0,0.0,1
4690,272.68,0.0,0.0,1
3561,271.22,0.0,0.0,1
2964,270.75,0.0,0.0,40
2631,269.87,0.0,0.0,40
1743,269.22,0.0,0.0,1
1191,268.61,0.0,0.0,1
889,268.08,0.0,0.0,75
503,268.28,0.0,0.0,90
507,267.89,0.0,0.0,40
586,268.08,0.0,0.0,75
1057,267.64,0.0,0.0,75
2771,267.77,0.0,0.0,90
5593,267.88,0.0,0.0,1
6756,267.4,0.0,0.0,1
6166,267.83,0.0,0.0,1
5155,270.22,0.0,0.0,1
4617,272.35,0.0,0.0,1
4867,274.62,0.0,0.0,1
5052,276.46,0.0,0.0,1
5142,277.77,0.0,0.0,1
5424,278.42,0.0,0.0,1
5970,278.82,0.0,0.0,75
6571,278.28,0.0,0.0,90
6298,277.09,0.0,0.0,90
4549,276.82,0.0,0.0,90
3595,275.86,0.0,0.0,90
3145,275.15,0.0,0.0,90
2504,275.22,0.0,0.0,90
2857,274.83,0.0,0.0,90
2198,274.71,0.0,0.0,90
719,274.78,0.0,0.0,1
480,275.02,0.0,0.0,40
327,274.88,0.0,0.0,40
351,274.15,0.0,0.0,75
764,273.28,0.0,0.0,1
2449,272.53,0.0,0.0,1
4951,271.9,0.0,0.0,1
6114,272.08,0.0,0.0,90
5538,272.68,0.0,0.0,90
4947,274.79,0.0,0.0,75
4822,275.88,0.0,0.0,90
5191,277.08,0.0,0.0,75
5514,278.51,0.0,0.0,90
5857,279.22,0.0,0.0,90
5965,278.88,0.0,0.0,90
6217,278.28,0.0,0.0,90
6691,277.55,0.0,0.0,90
5892,276.95,0.0,0.0,90
4880,276.4,0.0,0.0,90
3764,276.02,0.0,0.0,90
3312,275.46,0.0,0.0,90
2975,275.15,0.0,0.0,90
3635,274.81,0.0,0.0,90
2314,274.75,0.0,0.0,90
1556,274.62,0.0,0.0,90
1140,273.88,0.0,0.0,90
683,273.34,0.0,0.0,90
410,273.03,0.0,0.0,90
432,272.68,0.0,0.0,90
690,272.68,0.0,0.0,90
1219,272.35,0.0,0.0,90
2093,272.15,0.0,0.0,90
3110,272.08,0.0,0.0,90
3771,271.84,0.0,0.0,90
4262,271.84,0.0,0.0,90
4945,272.22,0.0,0.0,90
5058,273.15,0.0,0.0,90
5059,274.42,0.0,0.0,90
4908,275.14,0.0,0.0,40
4788,276.08,0.0,0.0,1
4898,276.64,0.0,0.0,1
4551,276.96,0.0,0.0,5
4113,277.4,0.0,0.0,5
3596,276.15,0.0,0.0,1
3703,274.01,0.0,0.0,1
4354,273.21,0.0,0.0,1
3261,272.34,0.0,0.0,1
2075,272.22,0.0,0.0,1
1789,271.9,0.0,0.0,1
1252,272.15,0.0,0.0,1
834,272.02,0.0,0.0,1
503,271.88,0.0,0.0,1
410,271.83,0.0,0.0,1
564,271.84,0.0,0.0,1
900,272.35,0.0,0.0,1
1154,272.33,0.0,0.0,1
2025,272.65,0.0,0.0,1
2948,274.48,0.0,0.0,1
3721,276.21,0.0,0.0,1
4208,278.21,0.0,0.0,90
4599,279.61,0.0,0.0,90
4805,280.68,0.0,0.0,90
4924,281.35,0.0,0.0,75
4501,282.08,0.0,0.0,1
4576,283.45,0.0,0.0,1
4206,284.08,0.0,0.0,1
3865,285.15,0.0,0.0,1
3371,284.78,0.0,0.0,1
2692,282.23,0.0,0.0,1
2190,279.59,0.0,0.0,40
1674,277.08,0.0,0.0,1
1049,276.49,0.0,0.0,1
581,275.29,0.0,0.0,1
360,275.55,0.0,0.0,1
223,275.35,0.0,0.0,1
330,275.15,0.0,0.0,1
819,275.82,0.0,0.0,1
2635,277.7,0.0,0.0,1
5474,278.61,0.0,0.0,90
6300,278.75,0.0,0.0,40
5921,278.62,0.0,0.0,90
4916,279.22,0.0,0.0,75
4159,279.95,0.0,0.0,40
4366,280.77,0.0,0.0,40
4645,281.4,0.0,0.0,75
4606,282.01,0.0,0.0,75
5076,282.82,0.0,0.0,40
5564,284.35,0.0,0.0,75
6572,285.27,0.0,0.0,1
6127,285.48,0.0,0.0,40
4365,285.15,0.0,0.0,1
3100,282.96,0.0,0.0,1
2781,280.88,0.0,0.0,1
2185,278.26,0.0,0.0,1
1554,278.14,0.0,0.0,1
1043,278.15,0.0,0.0,40
593,277.53,0.0,0.0,1
352,276.29,0.0,0.0,1
260,276.08,0.0,0.0,1
332,275.88,0.0,0.0,1
836,274.53,0.0,0.0,1
2703,273.89,0.0,0.0,1
5651,272.69,0.0,0.0,1
6601,271.01,0.0,0.0,1
6345,270.44,0.0,0.0,1
4397,271.08,0.0,0.0,1
4397,271.08,0.0,0.0,1
4732,272.22,0.0,0.0,1
4829,272.9,0.0,0.0,1
4945,273.89,0.0,0.0,1
5222,274.28,0.0,0.0,1
5827,274.71,0.0,0.0,1
6657,274.75,0.0,0.0,1
6501,274.65,0.0,0.0,1
4627,274.15,0.0,0.0,1
3608,272.78,0.0,0.0,1
3019,271.55,0.0,0.0,1
2613,270.65,0.0,0.0,1
3887,270.22,0.0,0.0,1
1251,269.84,0.0,0.0,1
636,268.28,0.0,0.0,1
396,267.58,0.0,0.0,1
285,267.48,0.0,0.0,1
351,267.08,0.0,0.0,1
846,266.77,0.0,0.0,1
2666,266.46,0.0,0.0,1
5699,266.36,0.0,0.0,1
6612,266.15,0.0,0.0,1
6240,266.22,0.0,0.0,5
5327,267.95,0.0,0.0,5
4471,270.15,0.0,0.0,20
4903,271.72,0.0,0.0,1
4920,273.01,0.0,0.0,1
5025,274.15,0.0,0.0,1
5360,275.28,0.0,0.0,90
5789,275.9,0.0,0.0,90
6746,276.34,0.0,0.0,75
6401,276.34,0.0,0.0,75
4575,276.59,0.0,0.0,75
3352,276.42,0.0,0.0,75
2903,275.72,0.0,0.0,90
2586,275.72,0.0,0.0,90
1744,275.79,0.0,0.0,90
1118,275.86,0.0,0.0,90
562,275.71,0.0,0.0,90
357,275.82,0.0,0.0,90
265,275.79,0.0,0.0,75
329,275.68,0.0,0.0,90
851,275.82,0.0,0.0,90
2707,275.75,0.0,0.0,90
5574,275.75,0.0,0.0,90
6566,275.75,0.0,0.0,90
6380,275.75,0.0,0.0,90
5385,276.15,0.0,0.0,90
4701,276.34,0.0,0.0,90
4936,276.71,0.0,0.0,90
5046,277.08,0.0,0.0,90
5128,277.15,0.0,0.0,90
5463,277.15,0.0,0.0,90
5841,277.28,0.0,0.0,90
6821,277.22,0.0,0.0,90
6286,276.9,0.0,0.0,90
4531,276.69,0.0,0.0,90
3448,276.55,0.0,0.0,90
3021,276.62,0.0,0.0,90
3905,276.55,0.0,0.0,92
3024,276.42,0.0,0.0,40
1354,276.42,0.0,0.0,90
705,276.28,0.0,0.0,90
447,276.35,0.0,0.0,90
313,276.35,0.0,0.0,90
373,276.42,0.0,0.0,90
818,276.15,0.0,0.0,90
2501,276.15,0.0,0.0,90
5193,276.15,0.0,0.0,90
6222,276.02,0.0,0.0,92
5803,275.84,0.0,0.0,90
4922,275.84,0.0,0.0,92
4747,276.27,0.0,0.0,90
5276,276.81,0.0,0.0,90
5614,277.34,0.0,0.0,90
5455,278.72,0.0,0.0,90
5577,279.01,0.0,0.0,90
6131,279.15,0.0,0.0,90
6538,279.42,0.0,0.0,90
6024,279.22,0.0,0.0,90
4822,279.09,0.0,0.0,90
3774,278.29,0.0,0.0,90
3177,277.9,0.0,0.0,90
2929,277.42,0.0,0.0,90
2577,277.02,0.0,0.0,90
1801,276.82,0.0,0.0,90
1473,276.68,0.0,0.0,90
866,276.48,0.0,0.0,90
584,276.42,0.0,0.0,90
329,276.02,0.0,0.0,90
271,275.88,0.0,0.0,90
618,275.72,0.0,0.0,90
1006,275.62,0.0,0.0,90
1500,275.75,0.0,0.0,90
2510,275.62,0.0,0.0,90
4065,275.68,0.0,0.0,90
4278,275.82,0.0,0.0,90
4820,276.15,0.0,0.0,90
5264,276.62,0.0,0.0,90
4947,277.22,0.0,0.0,90
4985,277.95,0.0,0.0,90
5595,278.42,0.0,0.0,90
5736,279.22,0.0,0.0,90
4772,279.22,0.0,0.0,90
4350,279.09,0.0,0.0,90
3691,279.08,0.0,0.0,90
3107,278.55,0.0,0.0,90
2782,277.91,0.0,0.0,90
2651,277.46,0.0,0.0,90
1896,277.28,0.0,0.0,90
1303,277.01,0.0,0.0,90
894,276.55,0.0,0.0,90
590,276.21,0.0,0.0,90
329,276.01,0.0,0.0,90
271,275.61,0.0,0.0,90
479,275.42,0.0,0.0,90
774,275.22,0.0,0.0,90
1150,274.94,0.0,0.0,90
1919,275.02,0.0,0.0,90
2656,275.22,0.0,0.0,90
3584,275.62,0.0,0.0,90
3701,276.02,0.0,0.0,90
4238,276.68,0.0,0.0,90
4439,277.08,0.0,0.0,90
4659,277.95,0.0,0.0,90
4357,278.42,0.0,0.0,90
4396,278.68,0.0,0.0,90
4201,278.88,0.0,0.0,90
3694,278.68,0.0,0.0,90
2990,278.35,0.0,0.0,90
2772,277.82,0.0,0.0,90
2300,277.35,0.0,0.0,90
2095,276.65,0.0,0.0,90
993,276.58,0.0,0.0,90
605,276.55,0.0,0.0,90
358,276.48,0.0,0.0,90
276,276.22,0.0,0.0,90
358,276.22,0.0,0.0,90
805,276.15,0.0,0.0,90
2711,275.95,0.0,0.0,90
5574,275.95,0.0,0.0,90
6720,275.82,0.0,0.0,90
6138,275.72,0.0,0.0,90
5137,276.55,0.0,0.0,90
4219,277.68,0.0,0.0,1
4549,279.81,0.0,0.0,40
4734,281.41,0.0,0.0,1
4717,283.15,0.0,0.0,90
5127,284.75,0.0,0.0,75
5688,285.93,0.0,0.0,40
6618,286.15,0.0,0.0,40
6072,286.94,0.0,0.0,75
4522,286.21,0.0,0.0,40
3435,286.02,0.0,0.0,20
2783,283.84,0.0,0.0,20
2270,280.35,0.0,0.0,5
1884,278.47,0.0,0.0,1
2654,276.69,0.0,0.0,1
713,275.89,0.0,0.0,1
413,275.09,0.0,0.0,1
310,274.84,0.0,0.0,1
366,274.02,0.0,0.0,1
835,273.65,0.0,0.0,1
2734,273.34,0.0,0.0,1
5718,273.15,0.0,0.0,1
6417,272.53,0.0,0.0,20
6214,272.65,0.0,0.0,5
5551,275.33,0.0,0.0,1
4599,279.41,0.0,0.0,5
4832,282.33,0.0,0.0,1
4836,284.35,0.0,0.0,1
4827,285.32,0.0,0.0,1
5296,288.46,0.0,0.0,40
5720,289.02,0.0,0.0,40
6725,289.75,0.0,0.0,1
6280,290.15,0.0,0.0,1
4546,290.02,0.0,0.0,1
3468,289.53,0.0,0.0,1
3035,286.97,0.0,0.0,1
3092,283.16,0.0,0.0,40
3512,280.49,0.0,0.0,1
1181,278.3,0.0,0.0,1
664,277.36,0.0,0.0,1
390,276.56,0.0,0.0,1
325,275.65,0.0,0.0,1
334,276.09,0.0,0.0,1
850,276.34,0.0,0.0,1
2714,276.09,0.0,0.0,1
5590,276.15,0.0,0.0,1
7004,275.72,0.0,0.0,1
6312,276.01,0.0,0.0,90
5335,277.66,0.0,0.0,90
4453,279.42,0.0,0.0,90
4701,280.95,0.0,0.0,90
5118,280.69,0.0,0.0,90
5054,282.55,0.0,0.0,40
5392,283.28,0.0,0.0,75
5882,283.55,0.0,0.0,75
6823,283.35,0.0,0.0,90
6513,282.88,0.0,0.0,90
4669,282.35,0.0,0.0,90
3355,281.62,0.0,0.0,90
3043,280.51,0.0,0.0,90
2420,280.08,0.0,0.0,90
1704,279.55,0.0,0.0,40
1115,278.95,0.0,0.0,75
581,278.75,0.0,0.0,90
357,278.55,0.0,0.0,90
255,277.88,0.0,0.0,75
370,277.48,0.0,0.0,90
856,277.28,0.0,0.0,90
2683,277.02,0.0,0.0,90
5690,276.81,0.0,0.0,90
6695,276.55,0.0,0.0,90
6098,276.48,0.0,0.0,90
5380,276.55,0.0,0.0,90
4748,277.01,0.0,0.0,90
4938,278.08,0.0,0.0,90
5033,279.48,0.0,0.0,90
5239,280.01,0.0,0.0,90
5418,281.22,0.0,0.0,90
5795,281.27,0.0,0.0,90
6672,281.55,0.0,0.0,90
6613,281.71,0.0,0.0,90
5070,281.79,0.0,0.0,90
3545,281.96,0.0,0.0,90
3165,281.79,0.0,0.0,90
4129,281.08,0.0,0.0,90
3165,280.62,0.0,0.0,90
1491,280.22,0.0,0.0,90
